23.188577651977540,77.433731079101560,Rajeev Gandhi College
23.188844680786133,77.436210632324220,Gulmohar
23.193670272827150,77.432785034179690,Trilanga
23.199310302734375,77.430236816406250,Saitansingh Market
23.206323623657227,77.431144714355470,Campion School
23.211496353149414,77.431198120117190,Vitthal Market/1100 Q.Chu.
23.214159011840820,77.430488586425780,Baghira Apartment
23.218465805053710,77.428977966308600,Habibganj Thana
23.222146987915040,77.431228637695310,Bittan Mkt/Dhsera Maidan
23.223209381103516,77.429954528808600,Subhash School
23.224008560180664,77.428405761718750,Nutan College
23.225881576538086,77.422828674316400,5 No.Stop
23.225990295410156,77.418334960937500,1250/ Pranami Mandir
23.224967956542970,77.412322998046880,Narmada Bhawan
23.225328445434570,77.407402038574220,Jain Mandir
23.224613189697266,77.402267456054690,Mata Mandir
23.231916427612305,77.401458740234380,Teen Shed
23.235673904418945,77.398788452148440,Rangmahal (Gtb Complex)
23.237564086914062,77.401153564453120,Roshanpura
23.240489959716797,77.406364440917970,Airtel Office (Malviya Nagar)
23.237646102905273,77.408378601074220,Birla Mandir
23.239086151123047,77.412971496582030,New Vidhan Sabha
23.235029220581055,77.428115844726560,Naramda Bhavan
23.233701705932617,77.430183410644530,D.B.Mall
23.231304168701172,77.432617187500000,Board Office(Milan)
23.233205795288086,77.434661865234380,Jyoti Talkies
23.230779647827150,77.440078735351560,Kasturba Nagar
23.229095458984375,77.442001342773440,Isbt
23.231727600097656,77.446319580078120,Anna Nagar
23.231689453125000,77.450134277343750,Carrier College
23.231864929199220,77.454544067382810,Govindpura Thana
23.231678009033203,77.459686279296880,Bhel Gate – 6
23.228899002075195,77.466194152832030,Vijay Market
23.231908798217773,77.471992492675780,Mahatma Gandhi Chouraha
23.239290237426758,77.472373962402340,Gandhi Market Piplani
23.165340423583984,77.466667175292970,Allahabad Bank
23.249103546142578,77.471839904785160,Piplani Pump
23.249727249145508,77.477149963378900,Kalpana Nagar
23.250957489013672,77.479995727539060,Ratnagiri By Pass
23.251058578491210,77.486900329589840,Anand Nagar
23.250728607177734,77.487113952636720,Ram Mandir
23.250247955322266,77.490989685058600,Siddhartha Lake City
23.257698059082030,77.501739501953120,Patel Nagar
23.248022079467773,77.504249572753900,Oriantal College